web-scraper-order,web-scraper-start-url,local_listing,local_listing-href
"1587924577-6551","https://360votes.com/100-free-usa-business-listing-sites-list-2019/","myhuckleberry.com","http://myhuckleberry.com/"
"1587924577-6547","https://360votes.com/100-free-usa-business-listing-sites-list-2019/","makeitlocal.com","https://www.makeitlocal.com/"
"1587924577-6601","https://360votes.com/100-free-usa-business-listing-sites-list-2019/","yellowbook.com","http://www.yellowbook.com/"
"1587924577-6493","https://360votes.com/100-free-usa-business-listing-sites-list-2019/","cataloxy.us","https://www.cataloxy.com/"
"1587924577-6557","https://360votes.com/100-free-usa-business-listing-sites-list-2019/","opendi.us","https://service.opendi.us/listings"
"1587924577-6592","https://360votes.com/100-free-usa-business-listing-sites-list-2019/","yelp.com","https://www.yelp.com/"
"1587924577-6501","https://360votes.com/100-free-usa-business-listing-sites-list-2019/","citysquares.com","http://citysquares.com/"
"1587924577-6524","https://360votes.com/100-free-usa-business-listing-sites-list-2019/","Google My Business","https://www.google.com/business/"
"1587924577-6508","https://360votes.com/100-free-usa-business-listing-sites-list-2019/","eBusinesspages","http://ebusinesspages.com/AddCompany.aspx"
"1587924577-6521","https://360votes.com/100-free-usa-business-listing-sites-list-2019/","getfreelisting.com","http://getfreelisting.com/"
"1587924577-6563","https://360votes.com/100-free-usa-business-listing-sites-list-2019/","salespider.com","https://www.salespider.com/"
"1587924577-6594","https://360votes.com/100-free-usa-business-listing-sites-list-2019/","yellow.place","https://yellow.place/"
"1587924577-6473","https://360votes.com/100-free-usa-business-listing-sites-list-2019/","2findlocal.com","http://www.2findlocal.com/"
"1587924577-6537","https://360votes.com/100-free-usa-business-listing-sites-list-2019/","localbiziness.com","http://localbiziness.com/"
"1587924577-6558","https://360votes.com/100-free-usa-business-listing-sites-list-2019/","pages24.com","https://www.pages24.com/"
"1587924577-6546","https://360votes.com/100-free-usa-business-listing-sites-list-2019/","magicyellow.com","http://www.magicyellow.com/"
"1587924577-6600","https://360votes.com/100-free-usa-business-listing-sites-list-2019/","Yellowpages","https://www.yellowpages.com/"
"1587924577-6504","https://360votes.com/100-free-usa-business-listing-sites-list-2019/","companylist.org","https://companylist.org/"
"1587924577-6484","https://360votes.com/100-free-usa-business-listing-sites-list-2019/","BizDays.com","http://bizdays.com/"
"1587924577-6528","https://360votes.com/100-free-usa-business-listing-sites-list-2019/","hub.biz","https://hub.biz/business_registration/pick_domain"
"1587924577-6553","https://360votes.com/100-free-usa-business-listing-sites-list-2019/","n49.com","https://www.n49.com/"
"1587924577-6483","https://360votes.com/100-free-usa-business-listing-sites-list-2019/","Bizcommunity.com","http://advertise.bizcommunity.com/"
"1587924577-6579","https://360votes.com/100-free-usa-business-listing-sites-list-2019/","tuugo.us","http://www.tuugo.us/"
"1587924577-6549","https://360votes.com/100-free-usa-business-listing-sites-list-2019/","manta.com","https://www.manta.com/"
"1587924577-6509","https://360votes.com/100-free-usa-business-listing-sites-list-2019/","eLocal","https://www.elocal.com/"
"1587924577-6554","https://360votes.com/100-free-usa-business-listing-sites-list-2019/","nexport.com","http://www.nexport.com/"
"1587924577-6598","https://360votes.com/100-free-usa-business-listing-sites-list-2019/","yellowusa.com","http://www.yellowusa.com/"
"1587924577-6548","https://360votes.com/100-free-usa-business-listing-sites-list-2019/","mycityfaces.com","http://www.mycityfaces.com/"
"1587924577-6597","https://360votes.com/100-free-usa-business-listing-sites-list-2019/","yellowpages.cybo.com","https://yellowpages.cybo.com/"
"1587924577-6599","https://360votes.com/100-free-usa-business-listing-sites-list-2019/","yelloyello.com","https://www.yelloyello.com/"
"1587924577-6555","https://360votes.com/100-free-usa-business-listing-sites-list-2019/","nextbizdoor.com","http://www.nextbizdoor.com/"
"1587924577-6499","https://360votes.com/100-free-usa-business-listing-sites-list-2019/","cityfos.com","https://www.cityfos.com/signup/"
"1587924577-6512","https://360votes.com/100-free-usa-business-listing-sites-list-2019/","ezlocal.com","http://ezlocal.com/"
"1587924577-6542","https://360votes.com/100-free-usa-business-listing-sites-list-2019/","localstore.net","https://www.localstore.net/"
"1587924577-6566","https://360votes.com/100-free-usa-business-listing-sites-list-2019/","showmelocal.com","http://www.showmelocal.com/"
"1587924577-6560","https://360votes.com/100-free-usa-business-listing-sites-list-2019/","quora.com","https://www.quora.com/"
"1587924577-6492","https://360votes.com/100-free-usa-business-listing-sites-list-2019/","busylisting.com","http://busylisting.com/register"
"1587924577-6480","https://360votes.com/100-free-usa-business-listing-sites-list-2019/","haribook.com","https://haribook.com/"
"1587924577-6502","https://360votes.com/100-free-usa-business-listing-sites-list-2019/","communitywalk.com","http://www.communitywalk.com/"
"1587924577-6574","https://360votes.com/100-free-usa-business-listing-sites-list-2019/","The Business Journal","https://www.bizjournals.com/bizjournals/datacenter/companies"
"1587924577-6522","https://360votes.com/100-free-usa-business-listing-sites-list-2019/","getfave.com","https://www.getfave.com/"
"1587924577-6570","https://360votes.com/100-free-usa-business-listing-sites-list-2019/","spoke.com","http://www.spoke.com/"
"1587924577-6589","https://360votes.com/100-free-usa-business-listing-sites-list-2019/","wowcity.com","http://wowcity.com/"
"1587924577-6498","https://360votes.com/100-free-usa-business-listing-sites-list-2019/","citybase.com","http://www.citybase.com/business/"
"1587924577-6584","https://360votes.com/100-free-usa-business-listing-sites-list-2019/","wand.com","https://www.wand.com/core/default.aspx?redir=1"
"1587924577-6495","https://360votes.com/100-free-usa-business-listing-sites-list-2019/","chamberofcommerce.com","https://www.chamberofcommerce.com/"
"1587924577-6603","https://360votes.com/100-free-usa-business-listing-sites-list-2019/","zoomlocalsearch.com","http://zoomlocalsearch.com/"
"1587924577-6487","https://360votes.com/100-free-usa-business-listing-sites-list-2019/","Bizghost.com","http://bizghost.com/"
"1587924577-6581","https://360votes.com/100-free-usa-business-listing-sites-list-2019/","Us.bizadee.com","http://us.bizadee.com/register.php"
"1587924577-6486","https://360votes.com/100-free-usa-business-listing-sites-list-2019/","Bizexposed.com","https://www.bizexposed.com/BizAdmin/Listing_Requirement.php"
"1587924577-6511","https://360votes.com/100-free-usa-business-listing-sites-list-2019/","expressupdate.com","https://www.expressupdate.com/"
"1587924577-6578","https://360votes.com/100-free-usa-business-listing-sites-list-2019/","trustlink.org","https://trustlink.org/"
"1587924577-6569","https://360votes.com/100-free-usa-business-listing-sites-list-2019/","superpages.com","https://www.superpages.com/"
"1587924577-6582","https://360votes.com/100-free-usa-business-listing-sites-list-2019/","us-business.info","http://us-business.info/"
"1587924577-6518","https://360votes.com/100-free-usa-business-listing-sites-list-2019/","foursquare.com","https://foursquare.com/"
"1587924577-6565","https://360votes.com/100-free-usa-business-listing-sites-list-2019/","shopping-time.com","http://www.shopping-time.com/"
"1587924577-6596","https://360votes.com/100-free-usa-business-listing-sites-list-2019/","yellowpagecity.com","http://www.yellowpagecity.com/"
"1587924577-6489","https://360votes.com/100-free-usa-business-listing-sites-list-2019/","biznet-us.com","https://www.biznet-us.com/"
"1587924577-6561","https://360votes.com/100-free-usa-business-listing-sites-list-2019/","ratestreets.com","http://ratestreets.com/"
"1587924577-6588","https://360votes.com/100-free-usa-business-listing-sites-list-2019/","worldweb.com","http://www.worldweb.com/"
"1587924577-6482","https://360votes.com/100-free-usa-business-listing-sites-list-2019/","Bing.com","https://www.bing.com/"
"1587924577-6515","https://360votes.com/100-free-usa-business-listing-sites-list-2019/","find-us-here.com","https://www.find-us-here.com/"
"1587924577-6532","https://360votes.com/100-free-usa-business-listing-sites-list-2019/","kudzu","https://www.kudzu.com/"
"1587924577-6539","https://360votes.com/100-free-usa-business-listing-sites-list-2019/","localnoggins.com","http://www.localnoggins.com/"
"1587924577-6575","https://360votes.com/100-free-usa-business-listing-sites-list-2019/","townplanner.com","https://www.townplanner.com/"
"1587924577-6481","https://360votes.com/100-free-usa-business-listing-sites-list-2019/","Apple Maps","https://appleid.apple.com/account#!&page=create"
"1587924577-6593","https://360votes.com/100-free-usa-business-listing-sites-list-2019/","yellez.com","http://yellez.com/"
"1587924577-6595","https://360votes.com/100-free-usa-business-listing-sites-list-2019/","yellowbot.com","http://www.yellowbot.com/"
"1587924577-6552","https://360votes.com/100-free-usa-business-listing-sites-list-2019/","mysheriff.net","http://www.mysheriff.net/"
"1587924577-6497","https://360votes.com/100-free-usa-business-listing-sites-list-2019/","city-data.com","http://www.city-data.com/"
"1587924577-6505","https://360votes.com/100-free-usa-business-listing-sites-list-2019/","credibility.com","https://credibility.com/business"
"1587924577-6474","https://360votes.com/100-free-usa-business-listing-sites-list-2019/","About.me","https://about.me/"
"1587924577-6531","https://360votes.com/100-free-usa-business-listing-sites-list-2019/","justdial.com","https://us.justdial.com/"
"1587924577-6573","https://360votes.com/100-free-usa-business-listing-sites-list-2019/","thumbtack.com","https://thumbtack.com/"
"1587924577-6590","https://360votes.com/100-free-usa-business-listing-sites-list-2019/","where2go.com","http://where2go.com/"
"1587924577-6544","https://360votes.com/100-free-usa-business-listing-sites-list-2019/","local.botw.org","https://local.botw.org/"
"1587924577-6535","https://360votes.com/100-free-usa-business-listing-sites-list-2019/","local.6qube.com","http://local.6qube.com/"
"1587924577-6500","https://360votes.com/100-free-usa-business-listing-sites-list-2019/","cityinsider.com","http://cityinsider.com/"
"1587924577-6477","https://360votes.com/100-free-usa-business-listing-sites-list-2019/","agreatertown.com","http://www.agreatertown.com/"
"1587924577-6577","https://360votes.com/100-free-usa-business-listing-sites-list-2019/","trivok.com","http://www.trivok.com/"
"1587924577-6585","https://360votes.com/100-free-usa-business-listing-sites-list-2019/","whodoyou.com","https://whodoyou.com/"
"1587924577-6587","https://360votes.com/100-free-usa-business-listing-sites-list-2019/","wikiocity.com","https://www.wikiocity.com/"
"1587924577-6564","https://360votes.com/100-free-usa-business-listing-sites-list-2019/","shoplocally.com","http://www.shoplocally.com/"
"1587924577-6602","https://360votes.com/100-free-usa-business-listing-sites-list-2019/","zipleaf.us","http://www.zipleaf.us/"
"1587924577-6567","https://360votes.com/100-free-usa-business-listing-sites-list-2019/","slideshare.net","https://www.slideshare.net/"
"1587924577-6550","https://360votes.com/100-free-usa-business-listing-sites-list-2019/","MerchantCircle","https://www.merchantcircle.com/"
"1587924577-6562","https://360votes.com/100-free-usa-business-listing-sites-list-2019/","referralkey.com","https://referralkey.com/"
"1587924577-6543","https://360votes.com/100-free-usa-business-listing-sites-list-2019/","Local.com","https://partners.local.com/"
"1587924577-6517","https://360votes.com/100-free-usa-business-listing-sites-list-2019/","forlocations.com","http://www.forlocations.com/"
"1587924577-6568","https://360votes.com/100-free-usa-business-listing-sites-list-2019/","smartguy.com","https://www.smartguy.com/"
"1587924577-6533","https://360votes.com/100-free-usa-business-listing-sites-list-2019/","lacartes.com","http://www.lacartes.com/"
"1587924577-6534","https://360votes.com/100-free-usa-business-listing-sites-list-2019/","lekkoo.com","http://lekkoo.com/"
"1587924577-6530","https://360votes.com/100-free-usa-business-listing-sites-list-2019/","Infignos","http://www.infignos.com/"
"1587924577-6586","https://360votes.com/100-free-usa-business-listing-sites-list-2019/","whofish.org","http://whofish.org/"
"1587924577-6503","https://360votes.com/100-free-usa-business-listing-sites-list-2019/","company.com","https://directory.company.com/"
"1587924577-6580","https://360votes.com/100-free-usa-business-listing-sites-list-2019/","tupalo.com","http://tupalo.com/"
"1587924577-6519","https://360votes.com/100-free-usa-business-listing-sites-list-2019/","fyple.com","https://www.fyple.com/"
"1587924577-6556","https://360votes.com/100-free-usa-business-listing-sites-list-2019/","onlyuncle.com","https://onlyuncle.com/"
"1587924577-6491","https://360votes.com/100-free-usa-business-listing-sites-list-2019/","brownbook.net","http://www.brownbook.net/"
"1587924577-6478","https://360votes.com/100-free-usa-business-listing-sites-list-2019/","akama.com","http://www.akama.com/register"
"1587924577-6507","https://360votes.com/100-free-usa-business-listing-sites-list-2019/","directorycentral.com","http://www.directorycentral.com/"
"1587924577-6525","https://360votes.com/100-free-usa-business-listing-sites-list-2019/","gomylocal.com","https://www.gomylocal.com/"
"1587924577-6510","https://360votes.com/100-free-usa-business-listing-sites-list-2019/","expressbusinessdirectory.com","http://www.expressbusinessdirectory.com/AddYourBusiness.aspx"
"1587924577-6506","https://360votes.com/100-free-usa-business-listing-sites-list-2019/","cylex-usa.com","https://www.cylex.us.com/"
"1587924577-6496","https://360votes.com/100-free-usa-business-listing-sites-list-2019/","circleguru.com","http://circleguru.com/"
"1587924577-6516","https://360votes.com/100-free-usa-business-listing-sites-list-2019/","haribook.com/","https://haribook.com/"
"1587924577-6541","https://360votes.com/100-free-usa-business-listing-sites-list-2019/","localstack.com","https://localstack.com/"
"1587924577-6538","https://360votes.com/100-free-usa-business-listing-sites-list-2019/","localdozen.com","http://localdozen.com/"
"1587924577-6576","https://360votes.com/100-free-usa-business-listing-sites-list-2019/","townrenowned.com","https://townrenowned.com/"
"1587924577-6536","https://360votes.com/100-free-usa-business-listing-sites-list-2019/","local.botw.org","https://local.botw.org/"
"1587924577-6523","https://360votes.com/100-free-usa-business-listing-sites-list-2019/","golocal247.com","https://golocal247.com/"
"1587924577-6559","https://360votes.com/100-free-usa-business-listing-sites-list-2019/","placelookup.net","https://www.placelookup.net/"
"1587924577-6545","https://360votes.com/100-free-usa-business-listing-sites-list-2019/","mapquest.com","https://www.mapquest.com/"
"1587924577-6513","https://360votes.com/100-free-usa-business-listing-sites-list-2019/","facebook.com","https://business.facebook.com/"
"1587924577-6583","https://360votes.com/100-free-usa-business-listing-sites-list-2019/","us.enrollbusiness.com","https://us.enrollbusiness.com/"
"1587924577-6540","https://360votes.com/100-free-usa-business-listing-sites-list-2019/","localpages.com","http://www.localpages.com/"
"1587924577-6475","https://360votes.com/100-free-usa-business-listing-sites-list-2019/","harispot.com","https://harispot.com/"
"1587924577-6494","https://360votes.com/100-free-usa-business-listing-sites-list-2019/","Callupconnect","http://www.callupcontact.com/"
"1587924577-6572","https://360votes.com/100-free-usa-business-listing-sites-list-2019/","sugarreviews.com","http://sugarreviews.com/"
"1587924577-6485","https://360votes.com/100-free-usa-business-listing-sites-list-2019/","bizvotes.com","http://www.bizvotes.com/"
"1587924577-6490","https://360votes.com/100-free-usa-business-listing-sites-list-2019/","bzlistings.com","http://www.bzlistings.com/"
"1587924577-6526","https://360votes.com/100-free-usa-business-listing-sites-list-2019/","hometownandcity.com","http://www.hometownandcity.com/"
"1587924577-6479","https://360votes.com/100-free-usa-business-listing-sites-list-2019/","americantowns.com","http://www.americantowns.com/"
"1587924577-6529","https://360votes.com/100-free-usa-business-listing-sites-list-2019/","ibegin.com","http://ibegin.com/"
"1587924577-6571","https://360votes.com/100-free-usa-business-listing-sites-list-2019/","storeboard.com","https://storeboard.com/"
"1587924577-6520","https://360votes.com/100-free-usa-business-listing-sites-list-2019/","garagecommerce.com","http://garagecommerce.com/"
"1587924577-6476","https://360votes.com/100-free-usa-business-listing-sites-list-2019/","additmore.com","http://additmore.com/"
"1587924577-6488","https://360votes.com/100-free-usa-business-listing-sites-list-2019/","Bizhwy.com","https://www.bizhwy.com/addlisting.php"
"1587924577-6514","https://360votes.com/100-free-usa-business-listing-sites-list-2019/","Finduslocal.com","http://www.finduslocal.com/profile/addbusiness.php"
"1587924577-6527","https://360votes.com/100-free-usa-business-listing-sites-list-2019/","hotfrog.com","https://www.hotfrog.com/"
"1587924577-6591","https://360votes.com/100-free-usa-business-listing-sites-list-2019/","wherezit.com","http://www.wherezit.com/"
